time,open,high,low,close
2021-10-15,0.03954,0.0467,0.01079,0.04218
2021-10-16,0.04215,0.04696,0.04033,0.04111
2021-10-17,0.04116,0.04431,0.04111,0.04163
2021-10-18,0.04163,0.04323,0.04108,0.04189
2021-10-19,0.04191,0.04196,0.03998,0.04019
2021-10-20,0.04017,0.04319,0.04001,0.04249
2021-10-21,0.04252,0.0478,0.04243,0.04694
2021-10-22,0.04707,0.05417,0.04618,0.04943
2021-10-23,0.0494,0.05101,0.0469,0.04741
2021-10-24,0.04741,0.05159,0.04648,0.04961
2021-10-25,0.04951,0.05299,0.04804,0.04968
2021-10-26,0.04967,0.05239,0.04786,0.04841
2021-10-27,0.04842,0.04941,0.04503,0.04703
2021-10-28,0.04704,0.04821,0.04537,0.04564
2021-10-29,0.04555,0.04691,0.04508,0.04539
2021-10-30,0.04531,0.0457,0.04407,0.04532
2021-10-31,0.04527,0.04794,0.04364,0.04721
2021-11-01,0.04727,0.04902,0.04633,0.04718
2021-11-02,0.04718,0.04999,0.04534,0.04812
2021-11-03,0.04807,0.0538,0.0473,0.05283
2021-11-04,0.05285,0.05541,0.05194,0.05451
2021-11-05,0.05451,0.05524,0.05154,0.0527
2021-11-06,0.05273,0.058,0.05261,0.05725
2021-11-07,0.05727,0.05727,0.0534,0.05414
2021-11-08,0.05414,0.05415,0.05115,0.05167
2021-11-09,0.05165,0.05278,0.04966,0.05047
2021-11-10,0.05054,0.05151,0.04838,0.05036
2021-11-11,0.0504,0.05271,0.04943,0.04946
2021-11-12,0.04946,0.05004,0.04812,0.04903
2021-11-13,0.04897,0.05206,0.04836,0.05203
2021-11-14,0.05201,0.0523,0.05074,0.05157
2021-11-15,0.05158,0.05255,0.051,0.05216
2021-11-16,0.05219,0.05317,0.05126,0.05203
2021-11-17,0.05203,0.05246,0.05041,0.05103
2021-11-18,0.05105,0.05148,0.04711,0.04882
2021-11-19,0.04885,0.05148,0.04748,0.05009
2021-11-20,0.05006,0.0511,0.04889,0.04937
2021-11-21,0.04937,0.05424,0.04848,0.05418
2021-11-22,0.05418,0.05441,0.05146,0.05279
2021-11-23,0.0528,0.05317,0.05018,0.05115
2021-11-24,0.05112,0.05189,0.04752,0.04817
2021-11-25,0.04824,0.04893,0.04623,0.04645
2021-11-26,0.04638,0.0487,0.04534,0.04752
2021-11-27,0.0476,0.04812,0.04662,0.04708
2021-11-28,0.04708,0.04779,0.04555,0.04672
2021-11-29,0.04672,0.04919,0.04591,0.04591
2021-11-30,0.0459,0.04788,0.04489,0.04508
2021-12-01,0.04501,0.05056,0.04458,0.05013
2021-12-02,0.05017,0.0536,0.04881,0.05173
2021-12-03,0.05179,0.05241,0.04975,0.05015
2021-12-04,0.05018,0.05119,0.04691,0.04871
2021-12-05,0.04876,0.04916,0.04501,0.04667
2021-12-06,0.04685,0.04697,0.04422,0.04462
2021-12-07,0.0446,0.04631,0.04385,0.04418
2021-12-08,0.04414,0.0446,0.04297,0.04387
2021-12-09,0.04385,0.04449,0.04313,0.04416
2021-12-10,0.04411,0.04429,0.0427,0.04297
2021-12-11,0.04297,0.04304,0.0415,0.04212
2021-12-12,0.04208,0.04311,0.04165,0.04185
2021-12-13,0.04183,0.0426,0.03998,0.04103
2021-12-14,0.041,0.04233,0.0404,0.0418
2021-12-15,0.04177,0.04542,0.04157,0.0444
2021-12-16,0.04444,0.04638,0.04367,0.04472
2021-12-17,0.04472,0.04678,0.04465,0.0453
2021-12-18,0.04526,0.04639,0.04475,0.04619
2021-12-19,0.04615,0.04752,0.04567,0.04591
2021-12-20,0.0458,0.04618,0.04409,0.04409
2021-12-21,0.04408,0.04588,0.04309,0.04479
2021-12-22,0.04476,0.04672,0.04413,0.04485
2021-12-23,0.04481,0.04684,0.04474,0.04624
2021-12-24,0.04622,0.04814,0.04547,0.04704
2021-12-25,0.04706,0.0481,0.04648,0.04714
2021-12-26,0.04713,0.04927,0.04705,0.04871
2021-12-27,0.04868,0.04985,0.04829,0.04843
2021-12-28,0.0485,0.04919,0.04661,0.04672
2021-12-29,0.04661,0.04725,0.04597,0.04702
2021-12-30,0.04699,0.0471,0.04623,0.04653
2021-12-31,0.04649,0.04688,0.04554,0.04623
2022-01-01,0.04623,0.04773,0.04611,0.04754
2022-01-02,0.04754,0.04767,0.04595,0.04606
2022-01-03,0.04609,0.04615,0.0451,0.04517
2022-01-04,0.04522,0.04523,0.04407,0.04426
2022-01-05,0.04433,0.04465,0.04227,0.04364
2022-01-06,0.04364,0.04475,0.04285,0.0441
2022-01-07,0.04412,0.04423,0.04251,0.04261
2022-01-08,0.04265,0.04733,0.04259,0.04604
2022-01-09,0.04614,0.04661,0.04435,0.04466
2022-01-10,0.04472,0.04532,0.04366,0.04407
2022-01-11,0.04408,0.04434,0.04309,0.04327
2022-01-12,0.04328,0.04534,0.0428,0.04493
2022-01-13,0.04493,0.04704,0.0445,0.04509
2022-01-14,0.04509,0.0455,0.04402,0.04419
2022-01-15,0.04417,0.04461,0.04369,0.04435
2022-01-16,0.04438,0.04535,0.04395,0.04419
2022-01-17,0.0442,0.04429,0.04325,0.04356
2022-01-18,0.04354,0.04502,0.04319,0.04468
2022-01-19,0.04474,0.04498,0.04348,0.04388
2022-01-20,0.04383,0.04419,0.04206,0.04246
2022-01-21,0.04252,0.04527,0.04169,0.04363
2022-01-22,0.04376,0.04376,0.03789,0.03922
2022-01-23,0.03921,0.04125,0.03877,0.03935
2022-01-24,0.03933,0.0395,0.03598,0.03767
2022-01-25,0.03767,0.04003,0.03675,0.03856
2022-01-26,0.03849,0.03885,0.037,0.03734
2022-01-27,0.03737,0.03781,0.03605,0.03692
2022-01-28,0.03692,0.03809,0.03568,0.03591
2022-01-29,0.03591,0.03828,0.0357,0.03697
2022-01-30,0.03697,0.03711,0.03569,0.03582
2022-01-31,0.03584,0.03758,0.0356,0.03707
2022-02-01,0.03706,0.04041,0.03696,0.03945
2022-02-02,0.0395,0.04148,0.03656,0.03801
2022-02-03,0.03798,0.03827,0.03616,0.03775
2022-02-04,0.03773,0.03858,0.03651,0.03753
2022-02-05,0.03764,0.03916,0.03709,0.03771
2022-02-06,0.03772,0.03841,0.03744,0.0377
2022-02-07,0.03774,0.039,0.03716,0.03744
2022-02-08,0.03743,0.03771,0.03594,0.03638
2022-02-09,0.03641,0.0368,0.03512,0.03512
2022-02-10,0.03512,0.03535,0.03407,0.03451
2022-02-11,0.03457,0.03487,0.03283,0.03298
2022-02-12,0.03291,0.03362,0.03206,0.03285
2022-02-13,0.03285,0.03312,0.03192,0.03237
2022-02-14,0.03236,0.0332,0.03202,0.0329
2022-02-15,0.03292,0.03391,0.03255,0.03317
2022-02-16,0.03315,0.03324,0.03202,0.03263
2022-02-17,0.03264,0.0328,0.03207,0.03234
2022-02-18,0.03234,0.03294,0.03221,0.03234
2022-02-19,0.03235,0.03316,0.0322,0.03302
2022-02-20,0.03303,0.03529,0.0325,0.0346
2022-02-21,0.0346,0.03505,0.03223,0.03233
2022-02-22,0.03227,0.03323,0.03211,0.03278
2022-02-23,0.03275,0.0342,0.03264,0.03276
2022-02-24,0.03275,0.0355,0.03185,0.03444
2022-02-25,0.03448,0.03471,0.03291,0.03351
2022-02-26,0.0335,0.03368,0.03204,0.0324
2022-02-27,0.03247,0.0329,0.03175,0.03271
2022-02-28,0.03272,0.0352,0.03223,0.03412
2022-03-01,0.03414,0.03425,0.0328,0.03316
2022-03-02,0.03313,0.03532,0.03303,0.03414
2022-03-03,0.03413,0.03464,0.03348,0.03377
2022-03-04,0.03377,0.03445,0.03329,0.0337
2022-03-05,0.03368,0.03419,0.03312,0.03365
2022-03-06,0.03361,0.03367,0.03253,0.03316
2022-03-07,0.03316,0.03326,0.03227,0.03276
2022-03-08,0.03283,0.03317,0.03177,0.03196
2022-03-09,0.03192,0.03274,0.03182,0.03226
2022-03-10,0.03231,0.03251,0.0315,0.03179
2022-03-11,0.03179,0.03234,0.03132,0.03153
2022-03-12,0.03157,0.03192,0.03129,0.0317
2022-03-13,0.03167,0.03208,0.03081,0.03133
2022-03-14,0.03132,0.03159,0.03108,0.03133
2022-03-15,0.03135,0.03248,0.03116,0.03163
2022-03-16,0.03166,0.03188,0.03097,0.03171
2022-03-17,0.03165,0.03218,0.03116,0.03122
2022-03-18,0.03122,0.03146,0.03,0.03056
2022-03-19,0.03056,0.03183,0.03039,0.0313
2022-03-20,0.03129,0.03141,0.03082,0.03094
2022-03-21,0.03097,0.03134,0.03012,0.03064
2022-03-22,0.03064,0.03111,0.03007,0.03044
2022-03-23,0.03045,0.03192,0.03039,0.03127
2022-03-24,0.03126,0.03349,0.03067,0.03291
2022-03-25,0.03289,0.03367,0.03134,0.03178
2022-03-26,0.03177,0.0331,0.03155,0.03236
2022-03-27,0.03233,0.03269,0.03157,0.03249
2022-03-28,0.0325,0.03365,0.03171,0.03171
2022-03-29,0.03172,0.03348,0.03167,0.03287
2022-03-30,0.03278,0.03772,0.032,0.03564
2022-03-31,0.03564,0.03842,0.03548,0.03744
2022-04-01,0.03743,0.04019,0.03656,0.03892
2022-04-02,0.03888,0.04073,0.0383,0.03844
2022-04-03,0.03849,0.04019,0.03813,0.03886
2022-04-04,0.03888,0.03942,0.03674,0.03754
2022-04-05,0.03757,0.03859,0.03683,0.03723
2022-04-06,0.03723,0.03781,0.03536,0.03568
2022-04-07,0.03563,0.037,0.03518,0.03669
2022-04-08,0.03675,0.03761,0.03401,0.03442
2022-04-09,0.03442,0.03479,0.03386,0.03465
2022-04-10,0.03465,0.03515,0.03392,0.03469
2022-04-11,0.03464,0.03517,0.03313,0.03344
2022-04-12,0.03344,0.03567,0.03326,0.03407
2022-04-13,0.03411,0.03428,0.03337,0.03365
2022-04-14,0.03361,0.0345,0.03294,0.03334
2022-04-15,0.03334,0.03391,0.03304,0.03331
2022-04-16,0.03335,0.03392,0.03322,0.03336
2022-04-17,0.03336,0.03433,0.03326,0.03352
2022-04-18,0.03352,0.03403,0.03269,0.03349
2022-04-19,0.03351,0.03508,0.0333,0.03499
2022-04-20,0.035,0.03534,0.03415,0.03432
2022-04-21,0.0343,0.03488,0.03376,0.03411
2022-04-22,0.03408,0.03438,0.03358,0.03394
2022-04-23,0.03393,0.03469,0.03367,0.03428
2022-04-24,0.03433,0.03465,0.03377,0.03397
2022-04-25,0.03399,0.03424,0.0332,0.03358
2022-04-26,0.03359,0.03433,0.03324,0.03405
2022-04-27,0.03405,0.03452,0.03392,0.03405
2022-04-28,0.03405,0.03455,0.03331,0.03344
2022-04-29,0.03344,0.03399,0.03313,0.03336
2022-04-30,0.03336,0.03353,0.03009,0.03104
2022-05-01,0.03104,0.03294,0.03094,0.03174
2022-05-02,0.03174,0.03192,0.03051,0.03063
2022-05-03,0.03064,0.03259,0.03049,0.03087
2022-05-04,0.03088,0.03162,0.03046,0.03154
2022-05-05,0.03157,0.03234,0.03003,0.03076
2022-05-06,0.03076,0.03083,0.02974,0.03033
2022-05-07,0.03033,0.03063,0.02972,0.0299
2022-05-08,0.02992,0.03088,0.02943,0.02992
2022-05-09,0.02994,0.03095,0.02773,0.02797
2022-05-10,0.02791,0.03019,0.02736,0.02856
2022-05-11,0.02856,0.02877,0.02094,0.02436
2022-05-12,0.02442,0.02571,0.02083,0.02277
2022-05-13,0.02277,0.0263,0.02225,0.02431
2022-05-14,0.02435,0.02632,0.02338,0.0255
2022-05-15,0.0255,0.02756,0.02462,0.02736
2022-05-16,0.0274,0.02746,0.026,0.02658
2022-05-17,0.02659,0.02766,0.02501,0.02728
2022-05-18,0.02728,0.0275,0.02525,0.02605
2022-05-19,0.02608,0.02664,0.02513,0.02585
2022-05-20,0.02585,0.02613,0.02482,0.02523
2022-05-21,0.02524,0.02574,0.02493,0.02547
2022-05-22,0.02546,0.02614,0.02524,0.02569
2022-05-23,0.02567,0.02626,0.02482,0.02489
2022-05-24,0.0249,0.02583,0.0246,0.02508
2022-05-25,0.02507,0.02514,0.02447,0.0247
2022-05-26,0.0247,0.02483,0.02346,0.02424
2022-05-27,0.02424,0.02445,0.02295,0.0238
2022-05-28,0.02384,0.02498,0.02332,0.02469
2022-05-29,0.02469,0.02514,0.02359,0.0248
2022-05-30,0.02481,0.0249,0.0236,0.02362
2022-05-31,0.02362,0.02414,0.02307,0.02356
2022-06-01,0.02358,0.02368,0.02194,0.02206
2022-06-02,0.02206,0.02255,0.02113,0.02228
2022-06-03,0.02229,0.02262,0.02129,0.02157
2022-06-04,0.02156,0.02215,0.0204,0.02161
2022-06-05,0.02163,0.02238,0.0212,0.02133
2022-06-06,0.02133,0.02365,0.02126,0.0228
2022-06-07,0.02277,0.02319,0.02107,0.02167
2022-06-08,0.02167,0.02231,0.02141,0.02168
2022-06-09,0.02166,0.02309,0.02157,0.02235
2022-06-10,0.02234,0.02271,0.02186,0.02232
2022-06-11,0.02234,0.0235,0.02203,0.02213
2022-06-12,0.02213,0.02288,0.02115,0.02133
2022-06-13,0.02134,0.02378,0.02089,0.02361
2022-06-14,0.02365,0.02618,0.02299,0.02447
2022-06-15,0.02446,0.02828,0.02425,0.02808
2022-06-16,0.02808,0.02918,0.02767,0.02817
2022-06-17,0.02817,0.02958,0.02764,0.02822
2022-06-18,0.02822,0.03253,0.02769,0.03216
2022-06-19,0.03217,0.03248,0.02942,0.03029
2022-06-20,0.03031,0.03209,0.02967,0.03123
2022-06-21,0.03125,0.033,0.03079,0.03234
2022-06-22,0.03231,0.03298,0.03142,0.0325
2022-06-23,0.03251,0.035,0.03231,0.03333
2022-06-24,0.03335,0.03459,0.03292,0.03421
2022-06-25,0.0342,0.03467,0.0333,0.03399
2022-06-26,0.034,0.03413,0.03248,0.03287
2022-06-27,0.03289,0.03344,0.03189,0.0323
2022-06-28,0.03232,0.0325,0.03059,0.0309
2022-06-29,0.03085,0.03142,0.03036,0.03094
2022-06-30,0.03097,0.0322,0.02976,0.03152
2022-07-01,0.03152,0.03214,0.03047,0.031
2022-07-02,0.03101,0.03177,0.03075,0.03127
2022-07-03,0.03128,0.03142,0.03071,0.03108
2022-07-04,0.0311,0.03246,0.03081,0.0319
2022-07-05,0.03191,0.03191,0.03024,0.03124
2022-07-06,0.03125,0.03197,0.03074,0.03119
2022-07-07,0.03122,0.03168,0.03103,0.03108
2022-07-08,0.03109,0.03178,0.03004,0.0314
2022-07-09,0.0314,0.03182,0.03117,0.03128
2022-07-10,0.03125,0.03184,0.031,0.03143
2022-07-11,0.0314,0.03141,0.03038,0.03048
2022-07-12,0.0305,0.032,0.03037,0.03146
2022-07-13,0.03149,0.03185,0.03098,0.03134
2022-07-14,0.03136,0.0316,0.03037,0.03113
2022-07-15,0.03114,0.03152,0.03002,0.03035
2022-07-16,0.03033,0.03069,0.02752,0.02921
2022-07-17,0.02918,0.03009,0.02871,0.02884
2022-07-18,0.02885,0.02938,0.02672,0.02752
2022-07-19,0.0275,0.03036,0.0275,0.02909
2022-07-20,0.0291,0.02929,0.02758,0.02764
2022-07-21,0.02764,0.02813,0.02653,0.02737
2022-07-22,0.02738,0.02741,0.02619,0.02642
2022-07-23,0.02639,0.0266,0.0258,0.02581
2022-07-24,0.02579,0.02586,0.02526,0.02565
2022-07-25,0.0256,0.02579,0.02501,0.02546
2022-07-26,0.02545,0.02578,0.02498,0.02504
2022-07-27,0.02502,0.02549,0.02424,0.02459
2022-07-28,0.02459,0.02531,0.02399,0.02487
2022-07-29,0.02488,0.02549,0.02422,0.0243
2022-07-30,0.02435,0.02699,0.02426,0.02584
2022-07-31,0.02581,0.02617,0.02517,0.02524
2022-08-01,0.02522,0.02559,0.02511,0.02554
2022-08-02,0.02554,0.02568,0.02425,0.02439
2022-08-03,0.02439,0.02464,0.02334,0.02382
2022-08-04,0.02383,0.02433,0.02362,0.02415
2022-08-05,0.02414,0.02433,0.02335,0.02336
2022-08-06,0.02334,0.02384,0.02321,0.0237
2022-08-07,0.02368,0.02413,0.02348,0.02388
2022-08-08,0.02389,0.02466,0.02369,0.02375
2022-08-09,0.02374,0.02424,0.02355,0.02371
2022-08-10,0.02368,0.02386,0.0225,0.02291
2022-08-11,0.02291,0.02396,0.02251,0.02275
2022-08-12,0.02275,0.02341,0.02262,0.0232
2022-08-13,0.02322,0.02431,0.02315,0.02348
2022-08-14,0.0235,0.02393,0.02298,0.02318
2022-08-15,0.02317,0.02352,0.02269,0.02302
2022-08-16,0.02304,0.02325,0.02281,0.02297
2022-08-17,0.02296,0.02324,0.0219,0.02206
2022-08-18,0.02209,0.02228,0.02135,0.02139
2022-08-19,0.02141,0.02239,0.02027,0.02226
2022-08-20,0.02225,0.02282,0.022,0.02239
2022-08-21,0.0224,0.02288,0.02204,0.02254
2022-08-22,0.02255,0.02269,0.0218,0.0218
2022-08-23,0.0218,0.02205,0.02135,0.02143
2022-08-24,0.02143,0.02155,0.02106,0.02106
2022-08-25,0.02107,0.0213,0.02076,0.02082
2022-08-26,0.02079,0.02126,0.02056,0.02102
2022-08-27,0.02105,0.02146,0.02097,0.02114
2022-08-28,0.02115,0.02152,0.02103,0.02133
2022-08-29,0.02132,0.02134,0.02046,0.02089
2022-08-30,0.0209,0.021,0.02035,0.02064
2022-08-31,0.02065,0.02066,0.0201,0.02026
2022-09-01,0.02026,0.0204,0.01976,0.01992
2022-09-02,0.01993,0.01999,0.01958,0.01981
2022-09-03,0.01983,0.02012,0.01976,0.01998
2022-09-04,0.01997,0.02042,0.01996,0.02035
2022-09-05,0.02037,0.0205,0.01983,0.0199
2022-09-06,0.0199,0.0204,0.01952,0.01982
2022-09-07,0.01981,0.02062,0.01977,0.02005
2022-09-08,0.02005,0.02067,0.01983,0.02055
2022-09-09,0.02056,0.02114,0.02008,0.02018
2022-09-10,0.02018,0.02097,0.01971,0.01975
2022-09-11,0.01974,0.02029,0.0195,0.01982
2022-09-12,0.01981,0.02198,0.01976,0.02182
2022-09-13,0.02181,0.023,0.02094,0.02096
2022-09-14,0.02096,0.02123,0.02054,0.02082
2022-09-15,0.02082,0.02254,0.02057,0.02246
2022-09-16,0.02247,0.02262,0.02221,0.0225
2022-09-17,0.02251,0.02315,0.02245,0.02293
2022-09-18,0.02293,0.02371,0.02292,0.0233
2022-09-19,0.02331,0.02419,0.02327,0.02373
2022-09-20,0.02373,0.02402,0.02341,0.02373
2022-09-21,0.02376,0.02471,0.02302,0.02463
2022-09-22,0.02459,0.02522,0.02429,0.02444
2022-09-23,0.02445,0.02596,0.02426,0.02536
2022-09-24,0.02537,0.02621,0.02494,0.02535
2022-09-25,0.02534,0.02566,0.02495,0.02498
2022-09-26,0.02497,0.02542,0.02479,0.02535
2022-09-27,0.02537,0.02565,0.02452,0.0246
2022-09-28,0.02461,0.02549,0.02453,0.02484
2022-09-29,0.02486,0.02578,0.02475,0.0254
2022-09-30,0.02541,0.02606,0.02469,0.025
2022-10-01,0.02501,0.02501,0.02464,0.02473
2022-10-02,0.02473,0.02518,0.02473,0.02512
2022-10-03,0.02511,0.02515,0.02485,0.02487
2022-10-04,0.02488,0.02548,0.02478,0.02505
2022-10-05,0.02504,0.02542,0.02493,0.02518
2022-10-06,0.02518,0.0253,0.02465,0.02468
2022-10-07,0.02467,0.02491,0.02432,0.02477
2022-10-08,0.02476,0.02489,0.0246,0.02481
2022-10-09,0.02476,0.02509,0.02473,0.02489
2022-10-10,0.02488,0.02509,0.02468,0.02477
2022-10-11,0.02475,0.02482,0.02384,0.02405
2022-10-12,0.02408,0.02424,0.02391,0.02406
2022-10-13,0.02407,0.02411,0.02296,0.0237
2022-10-14,0.02368,0.02402,0.02294,0.02316
2022-10-15,0.02315,0.02336,0.02309,0.02321
2022-10-16,0.02319,0.02337,0.02303,0.0231
2022-10-17,0.02309,0.02346,0.02298,0.02344
2022-10-18,0.02346,0.0235,0.02297,0.023
2022-10-19,0.02301,0.02312,0.02235,0.02249
2022-10-20,0.02244,0.02268,0.02183,0.02184
2022-10-21,0.02183,0.02189,0.02119,0.02163
2022-10-22,0.02161,0.02163,0.02108,0.02131
2022-10-23,0.02134,0.02182,0.02126,0.02146
2022-10-24,0.02147,0.02158,0.02099,0.02106
2022-10-25,0.02106,0.02211,0.02084,0.02115
2022-10-26,0.0212,0.02123,0.01981,0.01998
2022-10-27,0.01999,0.02067,0.01993,0.0202
2022-10-28,0.0202,0.0208,0.02014,0.02062
2022-10-29,0.02063,0.02097,0.02019,0.0203
2022-10-30,0.02031,0.02085,0.02014,0.0207
2022-10-31,0.02071,0.02127,0.0205,0.0207
2022-11-01,0.02071,0.02083,0.02037,0.02037
2022-11-02,0.02039,0.02048,0.01999,0.02028
2022-11-03,0.02025,0.02078,0.02005,0.02015
2022-11-04,0.02014,0.02069,0.02006,0.02051
2022-11-05,0.02054,0.0236,0.02054,0.02267
2022-11-06,0.02267,0.02278,0.02054,0.02082
2022-11-07,0.0208,0.02091,0.01818,0.01889
2022-11-08,0.01886,0.02174,0.01593,0.01827
2022-11-09,0.01819,0.01827,0.01097,0.01273
2022-11-10,0.01277,0.01488,0.01103,0.01359
2022-11-11,0.01358,0.01426,0.01233,0.01279
2022-11-12,0.01277,0.01279,0.01156,0.01159
2022-11-13,0.01157,0.01168,0.01069,0.01078
2022-11-14,0.01076,0.01274,0.01027,0.01126
2022-11-15,0.01125,0.01189,0.01106,0.01143
2022-11-16,0.01141,0.01184,0.01125,0.01174
2022-11-17,0.01172,0.01194,0.01087,0.01135
2022-11-18,0.01138,0.01146,0.0108,0.01094
2022-11-19,0.01095,0.01095,0.01041,0.01054
2022-11-20,0.01056,0.01117,0.01041,0.01074
2022-11-21,0.01075,0.01078,0.01035,0.01068
2022-11-22,0.01068,0.01099,0.01011,0.01093
2022-11-23,0.01092,0.01228,0.01092,0.01212
2022-11-24,0.01213,0.01239,0.01161,0.01212
2022-11-25,0.01214,0.01214,0.0117,0.01171
2022-11-26,0.01169,0.01223,0.01166,0.01176
2022-11-27,0.01176,0.01186,0.01163,0.01182
2022-11-28,0.01181,0.01182,0.01099,0.01139
2022-11-29,0.01142,0.01155,0.0109,0.01097
2022-11-30,0.01098,0.01103,0.01048,0.01092
2022-12-01,0.01093,0.01095,0.01052,0.01058
2022-12-02,0.01059,0.01071,0.0105,0.01058
2022-12-03,0.01058,0.01075,0.0105,0.01072
2022-12-04,0.01071,0.01077,0.01057,0.01071
2022-12-05,0.0107,0.01112,0.01069,0.01098
2022-12-06,0.01097,0.01138,0.01094,0.01125
2022-12-07,0.01125,0.01129,0.01089,0.01095
2022-12-08,0.01095,0.011,0.01063,0.01068
2022-12-09,0.0107,0.01094,0.01065,0.01076
2022-12-10,0.01076,0.01084,0.01066,0.01072
2022-12-11,0.01071,0.0108,0.0106,0.01062
2022-12-12,0.01065,0.01071,0.01033,0.01044
2022-12-13,0.01046,0.01056,0.01016,0.01051
2022-12-14,0.01051,0.01113,0.01048,0.0108
2022-12-15,0.01081,0.01122,0.01071,0.01109
2022-12-16,0.01107,0.01123,0.01029,0.01049
2022-12-17,0.01049,0.01061,0.01025,0.01053
2022-12-18,0.01055,0.01056,0.01042,0.01047
2022-12-19,0.01047,0.01056,0.01009,0.01022
2022-12-20,0.01022,0.01034,0.01002,0.01008
2022-12-21,0.01007,0.01011,0.00986,0.01
2022-12-22,0.01,0.01001,0.0096,0.0097
2022-12-23,0.0097,0.00988,0.00965,0.00966
2022-12-24,0.00966,0.00968,0.00913,0.00938
2022-12-25,0.00938,0.00948,0.0093,0.00933
2022-12-26,0.00935,0.00938,0.00912,0.00923
2022-12-27,0.00924,0.00927,0.00883,0.00916
2022-12-28,0.00915,0.00917,0.00793,0.0082
2022-12-29,0.00821,0.00903,0.0067,0.00801
2022-12-30,0.00802,0.00851,0.00758,0.00824
2022-12-31,0.00826,0.00846,0.00809,0.00832
2023-01-01,0.00834,0.00843,0.00812,0.00832
2023-01-02,0.0083,0.00993,0.00822,0.0093
2023-01-03,0.00928,0.01148,0.00906,0.01102
2023-01-04,0.01101,0.01143,0.01025,0.01071
2023-01-05,0.01068,0.01107,0.01039,0.01073
2023-01-06,0.01073,0.01079,0.01025,0.01066
2023-01-07,0.01065,0.01065,0.01032,0.01036
2023-01-08,0.01036,0.01148,0.01022,0.0112
2023-01-09,0.01119,0.01308,0.01109,0.01233
2023-01-10,0.01233,0.0125,0.01184,0.01214
2023-01-11,0.01214,0.0123,0.01155,0.01176
2023-01-12,0.01178,0.01205,0.01113,0.01173
2023-01-13,0.01171,0.01288,0.01162,0.01261
2023-01-14,0.01259,0.016,0.01245,0.0156
2023-01-15,0.01565,0.01621,0.01447,0.01476
2023-01-16,0.01473,0.01593,0.01457,0.01495
2023-01-17,0.01493,0.01532,0.01451,0.01462
2023-01-18,0.0146,0.01476,0.0135,0.01376
2023-01-19,0.0138,0.01423,0.01349,0.0138
2023-01-20,0.01376,0.01557,0.01356,0.0154
2023-01-21,0.01538,0.01583,0.01466,0.0151
2023-01-22,0.0151,0.01563,0.01462,0.01486
2023-01-23,0.01489,0.01518,0.01476,0.01497
2023-01-24,0.01496,0.01539,0.01444,0.01463
2023-01-25,0.01462,0.01571,0.01455,0.0152
2023-01-26,0.01521,0.01559,0.01498,0.01519
2023-01-27,0.01519,0.0154,0.01492,0.0153
2023-01-28,0.01529,0.01573,0.01516,0.01527
2023-01-29,0.01526,0.01641,0.01439,0.01582
2023-01-30,0.01582,0.01597,0.01501,0.01529
2023-01-31,0.01531,0.01543,0.015,0.01511
2023-02-01,0.01511,0.01531,0.01436,0.01524
2023-02-02,0.01523,0.01531,0.01474,0.0148
2023-02-03,0.0148,0.01519,0.01472,0.01482
2023-02-04,0.01481,0.01489,0.01457,0.0146
2023-02-05,0.01459,0.01465,0.01414,0.01441
2023-02-06,0.01444,0.01447,0.01397,0.01405
2023-02-07,0.01403,0.01433,0.01389,0.01427
2023-02-08,0.01427,0.01436,0.01395,0.01404
2023-02-09,0.01405,0.0141,0.01305,0.01324
2023-02-10,0.01325,0.01366,0.01309,0.0133
2023-02-11,0.0133,0.01358,0.0133,0.01353
2023-02-12,0.01354,0.01463,0.01344,0.01419
2023-02-13,0.01417,0.0142,0.01325,0.01378
2023-02-14,0.0138,0.01446,0.01376,0.01404
2023-02-15,0.01403,0.0143,0.01388,0.01426
2023-02-16,0.01425,0.01426,0.01344,0.0136
2023-02-17,0.01358,0.01378,0.01348,0.01366
2023-02-18,0.01369,0.0141,0.01358,0.01386
2023-02-19,0.01387,0.01519,0.01373,0.01482
2023-02-20,0.01477,0.01601,0.0146,0.01542
2023-02-21,0.01543,0.01562,0.01483,0.01505
2023-02-22,0.01506,0.01521,0.01419,0.01471
2023-02-23,0.0147,0.01479,0.01439,0.01449
2023-02-24,0.01449,0.01458,0.01409,0.01435
2023-02-25,0.01435,0.01451,0.01366,0.01407
2023-02-26,0.01403,0.01434,0.01396,0.01417
2023-02-27,0.01414,0.01414,0.01381,0.01387
2023-02-28,0.01388,0.01392,0.01348,0.01363
2023-03-01,0.01363,0.01378,0.0135,0.01352
2023-03-02,0.01352,0.01353,0.01331,0.01334
2023-03-03,0.01335,0.01374,0.01304,0.01364
2023-03-04,0.01362,0.0137,0.01304,0.0134
2023-03-05,0.01341,0.01373,0.01336,0.0134
2023-03-06,0.01338,0.01345,0.01312,0.01316
2023-03-07,0.01316,0.01331,0.01278,0.01296
2023-03-08,0.01297,0.01298,0.01175,0.012
2023-03-09,0.01205,0.01218,0.01177,0.01205
2023-03-10,0.01208,0.01284,0.01163,0.01278
2023-03-11,0.01273,0.01282,0.01195,0.01229
2023-03-12,0.01227,0.01296,0.01206,0.01276
2023-03-13,0.01278,0.01282,0.01198,0.01219
2023-03-14,0.01218,0.01263,0.01191,0.0123
2023-03-15,0.01228,0.01256,0.01153,0.01165
2023-03-16,0.01163,0.01189,0.01156,0.01176
2023-03-17,0.01176,0.01214,0.0116,0.01209
2023-03-18,0.01207,0.01265,0.01197,0.01203
2023-03-19,0.01206,0.01232,0.01202,0.01227
2023-03-20,0.01228,0.01344,0.01226,0.01278
2023-03-21,0.01278,0.013,0.01242,0.01251
2023-03-22,0.01251,0.01272,0.01222,0.01235
2023-03-23,0.01233,0.01244,0.01206,0.01222
2023-03-24,0.01223,0.01225,0.01166,0.01181
2023-03-25,0.01182,0.01193,0.01167,0.01171
2023-03-26,0.0117,0.01188,0.01167,0.0118
2023-03-27,0.0118,0.01181,0.01142,0.01161
2023-03-28,0.0116,0.0117,0.01145,0.01154
2023-03-29,0.01155,0.01183,0.01152,0.01177
2023-03-30,0.01178,0.01185,0.01137,0.01145
2023-03-31,0.01145,0.01174,0.01126,0.01161
2023-04-01,0.01162,0.01167,0.01144,0.01156
2023-04-02,0.01158,0.01169,0.01138,0.01144
2023-04-03,0.01143,0.01153,0.01118,0.0113
2023-04-04,0.0113,0.01136,0.0111,0.01117
2023-04-05,0.01118,0.0112,0.01088,0.01098
2023-04-06,0.01098,0.0111,0.01089,0.01101
2023-04-07,0.011,0.01108,0.0109,0.01096
2023-04-08,0.01097,0.01105,0.01073,0.01083
2023-04-09,0.01084,0.01101,0.01084,0.01092
2023-04-10,0.01093,0.01099,0.0108,0.01092
2023-04-11,0.01093,0.01245,0.0109,0.01216
2023-04-12,0.01217,0.01288,0.012,0.01243
2023-04-13,0.01243,0.0127,0.01209,0.01216
2023-04-14,0.01214,0.01214,0.01153,0.01177
2023-04-15,0.01177,0.01178,0.01141,0.01151
2023-04-16,0.0115,0.01217,0.01149,0.01197
2023-04-17,0.01198,0.01244,0.01174,0.01184
2023-04-18,0.01185,0.01203,0.01165,0.0118
2023-04-19,0.01179,0.01187,0.011,0.01172
2023-04-20,0.01172,0.01185,0.01124,0.01142
2023-04-21,0.01142,0.01167,0.01135,0.01149
2023-04-22,0.0115,0.01171,0.0114,0.01163
2023-04-23,0.01162,0.01186,0.01139,0.01154
2023-04-24,0.01153,0.01176,0.01147,0.01161
2023-04-25,0.01158,0.01175,0.01139,0.01174
2023-04-26,0.01175,0.01188,0.01131,0.0114
2023-04-27,0.01138,0.01178,0.01131,0.0117
2023-04-28,0.01171,0.0124,0.01165,0.01233
2023-04-29,0.01237,0.01257,0.01206,0.01216
2023-04-30,0.01215,0.01245,0.01212,0.01216
2023-05-01,0.01215,0.01217,0.01181,0.012
2023-05-02,0.01198,0.01203,0.01184,0.01191
2023-05-03,0.01191,0.01191,0.01141,0.01166
2023-05-04,0.01169,0.01184,0.01154,0.01157
2023-05-05,0.01157,0.01162,0.01123,0.01145
2023-05-06,0.01144,0.01177,0.0114,0.01157
2023-05-07,0.01155,0.01187,0.01147,0.01158
2023-05-08,0.01157,0.01159,0.01104,0.01115
2023-05-09,0.01116,0.01134,0.01107,0.01119
2023-05-10,0.01116,0.01145,0.01109,0.01137
2023-05-11,0.01136,0.01136,0.01108,0.01125
2023-05-12,0.01124,0.01165,0.0112,0.01157
2023-05-13,0.01156,0.01179,0.01152,0.0116
2023-05-14,0.01159,0.01171,0.01148,0.01164
2023-05-15,0.01165,0.01175,0.01152,0.01154
2023-05-16,0.01155,0.0116,0.01123,0.01134
2023-05-17,0.01133,0.01163,0.0113,0.01156
2023-05-18,0.01155,0.01157,0.01124,0.01129
2023-05-19,0.01129,0.01133,0.01121,0.01123
2023-05-20,0.01123,0.01123,0.01108,0.01115
2023-05-21,0.01115,0.0112,0.01077,0.01088
2023-05-22,0.01087,0.01096,0.01074,0.01074
2023-05-23,0.01075,0.01088,0.01058,0.01083
2023-05-24,0.0108,0.01082,0.01043,0.01067
2023-05-25,0.01068,0.01093,0.01061,0.01066
2023-05-26,0.01067,0.01071,0.01058,0.01058
2023-05-27,0.01059,0.0112,0.01058,0.01115
2023-05-28,0.01117,0.01132,0.01087,0.0109
2023-05-29,0.01091,0.01099,0.01075,0.01087
2023-05-30,0.01087,0.01121,0.01085,0.01119
2023-05-31,0.01118,0.0112,0.01099,0.01111
2023-06-01,0.0111,0.0112,0.01099,0.01101
2023-06-02,0.011,0.01124,0.01098,0.01115
2023-06-03,0.01115,0.01122,0.01107,0.01119
2023-06-04,0.0112,0.01174,0.01116,0.01154
2023-06-05,0.01154,0.01169,0.01076,0.01104
2023-06-06,0.01104,0.01109,0.01069,0.01081
2023-06-07,0.01081,0.01082,0.01011,0.01017
2023-06-08,0.01016,0.01031,0.00997,0.01024
2023-06-09,0.01023,0.0105,0.00933,0.00946
2023-06-10,0.00946,0.00946,0.00716,0.00891
2023-06-11,0.00891,0.00916,0.00869,0.00888
2023-06-12,0.00886,0.00892,0.00852,0.00872
2023-06-13,0.00871,0.00907,0.00855,0.00865
2023-06-14,0.00863,0.00881,0.00857,0.0088
2023-06-15,0.00876,0.00912,0.00867,0.00886
2023-06-16,0.00885,0.00902,0.00871,0.00892
2023-06-17,0.00891,0.00916,0.00884,0.00905
2023-06-18,0.00904,0.0091,0.00891,0.00898
2023-06-19,0.00899,0.00929,0.00893,0.00928
2023-06-20,0.00927,0.00938,0.00914,0.00928
2023-06-21,0.00927,0.00943,0.00904,0.00912
2023-06-22,0.00912,0.00922,0.00885,0.00889
2023-06-23,0.00889,0.00919,0.00867,0.00906
2023-06-24,0.00904,0.00925,0.00878,0.00887
2023-06-25,0.00887,0.00912,0.00886,0.00893
2023-06-26,0.0089,0.00902,0.00864,0.00876
2023-06-27,0.00873,0.00893,0.0087,0.0088
2023-06-28,0.00877,0.00884,0.00855,0.00874
2023-06-29,0.00873,0.00976,0.00867,0.0097
2023-06-30,0.00971,0.0105,0.00935,0.00977
2023-07-01,0.00974,0.0098,0.00933,0.00971
2023-07-02,0.00974,0.01022,0.00966,0.01004
2023-07-03,0.01003,0.01011,0.00967,0.00986
2023-07-04,0.00984,0.01021,0.00978,0.00988
2023-07-05,0.0099,0.01001,0.00964,0.00993
2023-07-06,0.00993,0.01111,0.00993,0.01062
2023-07-07,0.01064,0.01166,0.01035,0.01149
2023-07-08,0.01152,0.01206,0.01145,0.0117
2023-07-09,0.01169,0.01196,0.01129,0.01145
2023-07-10,0.01145,0.01151,0.01103,0.01133
2023-07-11,0.01134,0.01193,0.01131,0.01176
2023-07-12,0.01173,0.01201,0.01161,0.01172
2023-07-13,0.01171,0.01339,0.0115,0.01297
2023-07-14,0.01297,0.01584,0.01278,0.01379
2023-07-15,0.01376,0.01498,0.0137,0.01419
2023-07-16,0.01422,0.01482,0.01383,0.01425
2023-07-17,0.01426,0.01476,0.0136,0.01403
2023-07-18,0.01403,0.01413,0.01312,0.01346
2023-07-19,0.01344,0.01416,0.01336,0.01395
2023-07-20,0.01396,0.01425,0.01332,0.01342
2023-07-21,0.01341,0.01366,0.01325,0.01349
2023-07-22,0.01348,0.01369,0.01295,0.01315
2023-07-23,0.01313,0.0133,0.013,0.01312
2023-07-24,0.01311,0.01315,0.01247,0.01264
2023-07-25,0.01262,0.01269,0.01229,0.01254
2023-07-26,0.01254,0.01367,0.01252,0.01345
2023-07-27,0.01346,0.0137,0.01317,0.01348
2023-07-28,0.01347,0.01362,0.01318,0.01324
2023-07-29,0.01323,0.01349,0.01322,0.01337
2023-07-30,0.01338,0.01338,0.0127,0.01303
2023-07-31,0.013,0.01324,0.0127,0.01278
2023-08-01,0.01276,0.01288,0.01256,0.01282
2023-08-02,0.01284,0.01292,0.01251,0.01259
2023-08-03,0.01255,0.01266,0.01227,0.01234
2023-08-04,0.01233,0.01273,0.01227,0.01245
2023-08-05,0.01245,0.0125,0.01212,0.01233
2023-08-06,0.01234,0.01278,0.01231,0.01268
2023-08-07,0.0127,0.01284,0.01241,0.01263
2023-08-08,0.01264,0.0133,0.01261,0.01303
2023-08-09,0.01306,0.01344,0.01304,0.01314
2023-08-10,0.01316,0.01337,0.01305,0.01328
2023-08-11,0.01329,0.01349,0.01319,0.01329
2023-08-12,0.01332,0.01365,0.01321,0.01346
2023-08-13,0.01347,0.01348,0.01313,0.01317
2023-08-14,0.01316,0.01366,0.01312,0.01365
2023-08-15,0.01365,0.01375,0.01298,0.01309
2023-08-16,0.01306,0.01313,0.01241,0.01261
2023-08-17,0.01261,0.01343,0.0125,0.01288
2023-08-18,0.0129,0.01319,0.01272,0.01285
2023-08-19,0.01283,0.01315,0.01283,0.0131
2023-08-20,0.01311,0.01315,0.01291,0.01291
2023-08-21,0.01291,0.01293,0.01233,0.0127
2023-08-22,0.0127,0.01275,0.0122,0.01257
2023-08-23,0.01259,0.01294,0.01244,0.01294
2023-08-24,0.01295,0.01312,0.01258,0.01268
2023-08-25,0.01266,0.01266,0.01221,0.01234
2023-08-26,0.01232,0.01236,0.01223,0.01232
2023-08-27,0.01232,0.01261,0.01229,0.01254
2023-08-28,0.0125,0.01252,0.01232,0.01243
2023-08-29,0.01243,0.01271,0.01226,0.0126
2023-08-30,0.0126,0.0127,0.01212,0.01221
2023-08-31,0.0122,0.01223,0.01182,0.01197
2023-09-01,0.01198,0.0121,0.01181,0.01186
2023-09-02,0.01186,0.01205,0.01174,0.01191
2023-09-03,0.01191,0.01202,0.01182,0.01196
2023-09-04,0.01197,0.01217,0.01184,0.01197
2023-09-05,0.01197,0.01259,0.01181,0.01242
2023-09-06,0.0124,0.01246,0.01182,0.01202
2023-09-07,0.01201,0.0121,0.0119,0.01208
2023-09-08,0.01209,0.01223,0.01191,0.01198
2023-09-09,0.01197,0.01199,0.01187,0.01189
2023-09-10,0.01188,0.01188,0.01104,0.01126
2023-09-11,0.01126,0.01148,0.01101,0.01143
2023-09-12,0.01143,0.01181,0.01113,0.01126
2023-09-13,0.01125,0.01167,0.01119,0.01143
2023-09-14,0.01148,0.01186,0.01144,0.01159
2023-09-15,0.01159,0.01181,0.01147,0.01166
2023-09-16,0.01168,0.0118,0.01154,0.01171
2023-09-17,0.0117,0.0117,0.01151,0.01159
2023-09-18,0.01158,0.01213,0.01154,0.01199
2023-09-19,0.01202,0.0124,0.01198,0.01219
2023-09-20,0.01219,0.01257,0.01214,0.01251
2023-09-21,0.0125,0.0125,0.01218,0.0123
2023-09-22,0.01228,0.01239,0.01206,0.01219
2023-09-23,0.01221,0.01226,0.01213,0.01221
2023-09-24,0.01222,0.01235,0.01221,0.01225
2023-09-25,0.01225,0.01249,0.01219,0.01221
2023-09-26,0.01219,0.01225,0.0119,0.01194
2023-09-27,0.01193,0.01199,0.01177,0.01197
2023-09-28,0.01197,0.01209,0.01175,0.01209
2023-09-29,0.01209,0.01227,0.012,0.01216
2023-09-30,0.01216,0.01294,0.01203,0.0128
2023-10-01,0.01279,0.01434,0.01264,0.01375
2023-10-02,0.01378,0.01437,0.0137,0.01404
2023-10-03,0.01408,0.0149,0.01402,0.01424
2023-10-04,0.01425,0.01443,0.01385,0.01404
2023-10-05,0.01404,0.01437,0.01397,0.01408
2023-10-06,0.01411,0.01442,0.01403,0.01424
2023-10-07,0.01423,0.01473,0.01414,0.01425
2023-10-08,0.01426,0.01447,0.01418,0.01423
2023-10-09,0.0142,0.01431,0.01389,0.01398
2023-10-10,0.01396,0.01417,0.01388,0.01408
2023-10-11,0.01413,0.01436,0.01392,0.01405
2023-10-12,0.01403,0.01406,0.0137,0.01385
2023-10-13,0.01382,0.01419,0.01373,0.01407
2023-10-14,0.01407,0.0144,0.01407,0.01413
2023-10-15,0.01413,0.01423,0.01396,0.01408
2023-10-16,0.0141,0.01545,0.01409,0.01498
2023-10-17,0.01498,0.01551,0.01491,0.0153
2023-10-18,0.0153,0.01546,0.01495,0.01498
2023-10-19,0.01497,0.01644,0.01496,0.0159
2023-10-20,0.01591,0.01707,0.01583,0.01685
2023-10-21,0.01686,0.01862,0.01666,0.01801
2023-10-22,0.01799,0.0184,0.01727,0.01747
2023-10-23,0.01746,0.0186,0.01717,0.01809
2023-10-24,0.0181,0.01819,0.0167,0.01686
2023-10-25,0.01691,0.019,0.01682,0.01815
2023-10-26,0.01815,0.01854,0.01733,0.01818
2023-10-27,0.01817,0.01859,0.01772,0.01783
2023-10-28,0.0178,0.01812,0.0177,0.01781
2023-10-29,0.01781,0.01845,0.01772,0.01829
2023-10-30,0.0183,0.01945,0.0181,0.0193
2023-10-31,0.0193,0.02126,0.01925,0.02115
2023-11-01,0.02118,0.0256,0.02083,0.02226
2023-11-02,0.02228,0.02424,0.02154,0.0223
2023-11-03,0.0223,0.0223,0.02121,0.02154
2023-11-04,0.02153,0.02317,0.02135,0.02285
2023-11-05,0.02286,0.02319,0.02149,0.02174
2023-11-06,0.02175,0.02222,0.02101,0.02215
2023-11-07,0.02219,0.02349,0.02135,0.02277
2023-11-08,0.02277,0.02335,0.02243,0.02285
2023-11-09,0.02285,0.02514,0.02111,0.02136
2023-11-10,0.02135,0.02768,0.02117,0.02727
2023-11-11,0.0273,0.03085,0.02611,0.02735
2023-11-12,0.0274,0.03009,0.0262,0.02754
2023-11-13,0.02753,0.02908,0.02482,0.02513
2023-11-14,0.0251,0.02898,0.02495,0.02874
2023-11-15,0.02874,0.0325,0.02848,0.03183
2023-11-16,0.03185,0.03314,0.02888,0.02946
2023-11-17,0.02947,0.0305,0.02824,0.02982
2023-11-18,0.02985,0.03022,0.02851,0.02982
2023-11-19,0.02982,0.03153,0.02908,0.03036
2023-11-20,0.03036,0.03062,0.02777,0.02802
2023-11-21,0.02801,0.02849,0.02646,0.02671
2023-11-22,0.0267,0.02833,0.02666,0.02789
2023-11-23,0.0279,0.02888,0.02726,0.02736
2023-11-24,0.02741,0.02786,0.02714,0.0273
2023-11-25,0.02731,0.02869,0.02682,0.02822
2023-11-26,0.02824,0.02833,0.02748,0.02792
2023-11-27,0.02791,0.02805,0.02687,0.02715
2023-11-28,0.02713,0.02844,0.02691,0.0284
2023-11-29,0.02842,0.02992,0.02826,0.02922
2023-11-30,0.02925,0.03014,0.02881,0.02888
2023-12-01,0.0289,0.02938,0.02858,0.02863
2023-12-02,0.02862,0.0303,0.02858,0.02942
2023-12-03,0.02941,0.03026,0.02865,0.02873
2023-12-04,0.0287,0.0293,0.02691,0.02743
2023-12-05,0.02748,0.02761,0.02642,0.02661
2023-12-06,0.02662,0.02922,0.02662,0.0277
2023-12-07,0.0277,0.02934,0.02759,0.02876
2023-12-08,0.02878,0.03197,0.02878,0.03176
2023-12-09,0.03182,0.03292,0.03042,0.03091
2023-12-10,0.03091,0.03183,0.03043,0.03182
2023-12-11,0.03182,0.03205,0.02983,0.03157
2023-12-12,0.03158,0.03237,0.0303,0.03113
2023-12-13,0.03112,0.03194,0.02964,0.03125
2023-12-14,0.03128,0.033,0.03063,0.03268
2023-12-15,0.03268,0.03498,0.03228,0.0327
2023-12-16,0.03262,0.03422,0.03218,0.03309
2023-12-17,0.03309,0.03354,0.03197,0.03225
2023-12-18,0.03228,0.03405,0.03155,0.03354
2023-12-19,0.03353,0.0346,0.03326,0.03356
2023-12-20,0.03353,0.03764,0.03353,0.03732
2023-12-21,0.03734,0.0428,0.03701,0.04193
2023-12-22,0.04198,0.04444,0.03874,0.04214
2023-12-23,0.0422,0.04781,0.04042,0.04673
2023-12-24,0.04671,0.05099,0.04667,0.04974
2023-12-25,0.04966,0.05538,0.0479,0.05324
2023-12-26,0.05327,0.0535,0.04682,0.0505
2023-12-27,0.05043,0.05095,0.04429,0.04492
2023-12-28,0.04495,0.04574,0.04104,0.04343
2023-12-29,0.04343,0.04655,0.04235,0.04621
2023-12-30,0.04618,0.04684,0.04421,0.04446
2023-12-31,0.04445,0.04595,0.0437,0.04453
2024-01-01,0.04453,0.04685,0.04428,0.04672
2024-01-02,0.04671,0.04837,0.04486,0.04533
2024-01-03,0.04531,0.04623,0.04,0.04459
2024-01-04,0.04456,0.0473,0.04377,0.04632
2024-01-05,0.04623,0.04636,0.04311,0.04407
2024-01-06,0.04407,0.0442,0.0412,0.04183
2024-01-07,0.04189,0.04293,0.03966,0.04026
2024-01-08,0.04022,0.04255,0.03925,0.042
2024-01-09,0.04196,0.04565,0.04097,0.04235
2024-01-10,0.04238,0.04245,0.03766,0.0395
2024-01-11,0.03951,0.041,0.038,0.03811
2024-01-12,0.03814,0.03841,0.0352,0.03651
2024-01-13,0.03652,0.03783,0.03545,0.03719
2024-01-14,0.03715,0.0406,0.0368,0.03809
2024-01-15,0.03794,0.03864,0.03709,0.03759